L1,L4,H3,H3,L1
L4,L2,L4,H3,L4
L1,L4,L3,L4,L1
H3,L2,H1,H1,H3
L2,H1,H3,H2,L2
H2,L1,L4,H1,H2
H3,H3,L1,L3,H3
L1,L2,H3,L1,L1
H1,H1,L1,L1,L1
L3,H1,H1,L2,L3
L1,L1,H2,L2,L1
L1,L1,L1,L1,L1
L3,L4,H3,L3,L3
L2,H1,H1,L2,L2
W,H1,L4,L1,W
W,L1,L1,L3,W
W,H3,L3,L3,W
H2,L1,H1,H1,H2
H2,H2,L2,H1,H2
H1,L1,L3,L1,H1
H1,L4,L2,L1,H1
H1,H3,L4,H1,H1
L1,H2,L2,L1,L1
H1,L4,L3,L1,H1
L3,L4,L3,L1,L3
L2,H1,L2,L2,L2
L2,H1,L4,L2,L2
L1,L3,L1,L2,L1
L3,L4,L3,H2,L3
H3,H2,L1,L2,H3
H3,H1,L2,H3,H3
W,H1,L3,H1,W
W,H1,H1,H3,W
W,H1,L3,H3,W
W,H1,L1,H1,W
W,L1,L3,L4,W
H1,H3,H1,L1,H1
L1,L2,L3,H1,L1
H2,L2,H3,L1,H2
L4,L3,L4,L2,L4
H1,L4,L3,L4,H1
L2,H1,H3,H2,L2
L1,H3,L1,H2,L1
L3,H2,H2,W,L3
L1,L4,H1,W,L1
H3,L3,H1,W,H3
L3,L1,L2,W,L3
L4,L4,L4,L4,L4
H1,H1,L4,L1,H1
L2,L1,H2,H1,L2
L2,H1,L1,L1,L2
L4,L4,H1,L1,L4
L3,L1,H2,L4,L3
L4,L4,H1,L4,L4
L2,L1,H1,L2,L2
L1,H1,H1,L1,L1
H2,L1,H1,L4,H2
H1,L1,L1,L1,H1
H2,H1,H1,L4,H2
L1,H1,H2,L3,L1
L3,L1,L1,L1,L3
L2,W,H2,L2,L2
L1,W,L3,H1,L1
L4,W,L4,L1,L4
L3,W,L4,L1,L3
L1,L2,L3,H2,L1
L3,H1,W,H1,L3
L3,L2,W,L1,L3
L1,L2,W,L1,L1
L1,H3,L1,L4,L1
L1,L4,L1,L2,L1
L1,H1,L4,L4,L1
H3,L4,L2,H1,H3
L1,L1,L1,L1,L1
L3,H3,L1,L1,L3
H2,L3,H2,H2,H2
L3,L1,L4,H1,L3
L3,H2,L2,L3,L3
L4,L1,L4,L3,H1
H1,L3,L1,H3,H1
L1,L4,H1,H2,L1
L2,L2,L3,H1,L2
H1,H1,L2,L4,H1
H2,H1,L3,L1,H2
L1,H1,L1,H1,L1
L2,H3,H3,H2,L2
H2,H1,H1,L1,H2
L2,H2,W,L2,L2
H3,L1,W,L3,H3
H1,L3,W,L3,H1
W,W,W,W,W
W,W,W,W,W
W,W,W,W,W
W,W,W,W,W
W,W,W,W,W
W,W,W,W,W
W,W,W,W,W
L1,W,W,W,L1
W,L1,W,L1,W
