L1,L2,L3,L4,L1,L1
L2,L2,L1,L1,M,M
L2,L1,L1,H3,H3,L1
L4,L1,H3,H1,H3,L2
L4,L1,L2,L1,L2,H3
H2,L1,L2,L2,L3,H3
L2,L1,M,L2,H1,M
L2,L3,L2,H3,L2,S
L1,L1,L2,H2,H2,M
L4,H1,H2,L1,H3,H3
L1,H2,L1,L3,L4,M
L3,L2,L1,L2,L4,H3
L2,L1,L1,L1,L2,L3
L1,H1,L3,H1,H2,L1
L2,L1,L4,L1,L3,L4
L3,H3,L2,S,L4,H2
S,L2,H3,H1,L3,S
L3,H2,L2,L2,L3,L1
L1,L1,L1,L3,H1,H1
L3,L2,M,L3,L1,L1
L1,L2,L2,H1,H1,H3
L1,H2,H2,L1,H2,L2
L2,L2,L4,H2,L3,L1
L4,L3,H2,L1,H1,L3
H3,L1,L4,L3,H3,H3
L2,H2,L1,L1,L3,L2
L1,L2,L1,H3,L2,L2
L4,L1,L1,L1,L1,L2
L1,L1,M,L1,L2,H3
L1,L1,L2,L1,L2,L4
L1,H3,L3,L1,L2,H1
H1,L4,H1,L1,H3,M
L3,M,L4,L1,L1,H2
L2,M,L4,L4,L3,M
L3,L4,L1,L3,L1,H2
L3,L4,L1,L1,L3,L4
M,L4,L1,M,L1,L3
L4,H3,L1,L1,L3,L1
L4,H2,L4,L2,L1,L2
L2,L3,L1,L3,L1,H1
L1,L2,L1,L2,L1,L2
L1,L3,L2,H1,L1,H3
L4,L1,L2,H1,L1,L1
H2,L2,S,H1,L2,L3
H2,L1,L3,L2,H3,L3
L2,L1,L2,L3,H3,H1
L1,L1,L3,L1,L2,L1
L1,M,L1,H1,S,H3
L2,L3,L3,L2,M,L1
H2,L1,L1,L3,L2,L1
L1,L3,L1,L4,M,H1
L1,L1,H3,L3,L1,L4
L1,L3,M,L3,L4,L1
H3,L2,L1,L3,L2,M
L2,L3,H2,L3,L3,L2
L3,L2,L1,L2,M,L2
L3,L3,L2,L1,L2,L4
M,L2,L3,L2,L3,H3
H3,L2,L2,L3,S,L4
H1,L2,L1,H2,L1,L1
L2,H1,L1,L1,L4,L3
L2,H1,L1,L3,L3,L3
H2,L4,L1,L2,L3,L3
L1,L2,M,L2,L3,L2
L2,L2,L1,L1,L4,L1
H1,L1,L4,L4,L4,L1
L1,L3,M,H3,L2,H1
H3,L3,H1,H1,H3,H2
L1,H3,L1,L4,L3,L1
H3,L4,L1,H1,L3,L1
L1,L1,L4,L1,L2,L3
L1,L2,H2,L1,L4,L3
H3,L1,L1,L2,H1,L4
H1,L4,L1,H2,L2,H3
L2,M,L4,L4,H3,H3
L2,H1,L2,H1,L3,L1
L3,L1,H2,L2,L4,L1
L1,H2,H3,L2,L2,L1
L2,L2,L2,H2,L1,L1
L2,S,H1,L1,L2,L4
L1,L2,L1,H3,H3,H1
L1,H2,L3,L4,L1,H1
M,L1,L4,L1,L1,L1
L1,H3,L3,L3,L1,L3
M,L1,L1,L3,H3,L1
L3,L2,H3,L2,L4,H1
H2,H2,H1,L2,H3,L2
L4,H2,H3,L1,L2,L1
L1,H1,L1,L3,L1,L3
H3,H1,L3,S,L3,H1
M,H3,M,L3,L4,L4
L2,L2,L3,H3,L2,L2
M,L4,L1,L2,L3,L2
H3,L1,H3,L1,L1,L2
L1,L3,L3,L3,S,L2
L2,L1,L1,L1,L1,L2
L3,L3,L1,M,H1,L4
H3,L3,L4,L2,L1,L2
L2,L3,L2,L2,S,L4
L2,L3,L1,L3,L3,H3
L3,L1,H2,L3,L2,H2
L2,M,L2,L2,L3,L2
L4,H2,L1,H3,L2,H3
L3,H2,L2,L1,L1,L3
L2,H3,L3,M,L2,L1
H1,S,H2,L1,L3,L1
L3,L2,H3,H3,M,L1
L1,H1,H1,L3,L2,L2
L2,L1,L3,L1,L1,H1
H2,L3,L1,L1,L3,H2
L3,M,L4,H2,L1,S
M,L4,H1,S,L3,L1
H1,S,L1,L1,L1,L1
L2,H1,L1,L2,H2,L4
L1,L4,L1,L2,H1,L1
H2,L3,L1,L2,H1,L2
L3,H2,L1,L1,L2,H2
M,L1,L1,L1,L4,L1
H2,L2,H3,L1,L4,L1
L3,L4,L3,L2,L4,H3
H2,L1,M,H3,M,L2
H3,H3,H2,H3,H3,L3
L3,M,L1,L4,L4,L2
L3,L3,L4,L2,L2,L1
L1,H1,L2,L1,L2,L1
H2,L3,H3,L3,L4,H3
L2,L2,L3,L4,L2,H3
L1,L3,H1,L3,L4,H2
L2,L3,L3,L4,M,L2
L1,L2,L3,L3,H2,M
L3,H2,L4,L4,L1,L3
S,S,L1,L3,L2,L2
L4,H2,L3,L3,L2,H3
L3,L1,L2,L3,L3,L2
L2,H2,L1,H2,L1,L1
H3,L2,L4,L4,S,L2
L1,L2,L4,L2,H2,H2
L3,M,H1,H1,L1,L4
L1,L2,H3,S,L3,L3
L3,L3,L2,H2,L1,L3
L3,H3,L1,H3,L1,L4
H3,L1,H2,L4,L2,H2
L4,L2,L3,H3,L3,L2
L2,M,H1,L2,L1,H3
H2,L3,L2,L2,L2,L2
L1,L1,H2,H1,L2,L1
H3,L2,L3,L1,L3,L3
L2,L1,L1,M,H3,L1
L3,L2,M,L1,H1,L2
L1,L1,L2,L2,H2,L1
H3,L1,L4,L1,S,L2
L3,H2,L2,L4,H3,L1
L2,L1,L3,L3,L2,L1
L1,M,L1,L3,L1,L2
L3,L3,L3,L2,M,M
H2,L2,H2,L3,L4,H2
S,H3,L1,L2,L2,L4
L3,H1,L3,M,H2,L1
L1,L1,M,L4,L4,S
L2,L1,L2,H3,L3,L1
L4,L1,L2,H2,L1,L3
L2,H1,L3,L4,L1,L1
M,H1,S,H2,L3,H3
H2,L1,L3,M,L3,L2
H1,M,H2,L1,H1,H2
L1,H3,L4,L3,L1,L1
L1,H3,L2,L3,L1,L1
L1,L2,L1,H3,H2,L3
L2,M,L2,L2,H1,L4
H3,H2,L1,L1,L2,L1
L2,L1,H2,L2,L2,L1
L3,M,L2,L4,L3,L3
L3,L1,L4,H3,L2,L2
L2,L4,L3,L3,L2,L4
L2,L3,L3,H3,H3,L2
L1,H1,L2,L1,H1,L4
L3,M,L1,H1,M,L3
S,L1,L2,L1,L2,S
M,L1,L1,H2,L1,L1
L2,L1,H1,L1,L2,L1
L3,L3,L1,L2,L3,L1
S,L4,H3,H2,L2,L3
L1,L2,L3,H2,L2,L3
L1,L3,H3,L4,H3,H1
H1,L1,L1,L2,H3,L2
H2,L2,H2,H2,H2,L2
L2,L2,L1,L4,H3,L2
L1,L4,L3,H3,H3,L1
H3,L2,L2,H2,L1,L1
H2,L3,L1,L2,L2,L2
L1,L3,H2,L2,L2,L4
S,M,H2,H2,L2,H1
L1,M,L2,L1,L1,H3
L2,H2,H1,L2,L2,S
L4,M,L1,L1,L2,L1
L3,L1,H3,L3,L2,L4
H2,L3,S,L2,L4,L2
L1,L1,L1,L1,S,L3
H2,L1,L3,L1,L4,H2
L1,S,L1,L2,L2,L1
H1,L3,L1,L4,H2,L3
L3,L1,L2,L1,L1,H3
L2,H3,L1,L4,L2,L1
L3,L2,S,H3,L2,M
M,H1,H2,L2,L1,L4
H1,L2,L2,L1,L1,L4
H1,L2,L2,L2,H3,L1
H1,L2,H3,L2,L4,L1
L2,H1,L1,L2,M,L1
L4,L4,L2,L2,H2,L4
L2,L2,L2,L1,L4,L1
L2,H3,L2,L3,L2,L1
L4,L1,M,H3,L1,H2
S,L1,L3,S,L2,L2
L1,L3,L1,H1,L4,H3
H1,L1,L1,H1,L3,S
L2,H3,H3,L1,L1,L1
L4,L1,L1,H3,H2,L1
H1,L3,L2,L3,H2,L4
L1,H1,H3,L2,L2,L3
L2,H1,H1,L1,L1,L4
L1,H3,L3,L1,L1,L3
L1,L2,L2,L2,L2,L2
H2,L3,L1,L2,L1,L4
M,L4,L4,H1,L1,L3
L3,L1,L2,L1,H2,H1
L1,L2,L2,L1,H2,H3
L1,L1,H1,H3,L4,L3
L1,L1,H2,L1,H2,L2
H3,L3,H2,L2,H3,L4
L1,L3,L1,L2,L2,L3
L1,L4,M,L2,L3,S
M,L2,H1,L4,H3,L1
H3,L3,L1,L3,M,L2
L1,M,L2,L4,H1,L1
M,H2,L1,L1,H1,M
L1,L4,L3,L1,L1,L2
L1,H1,H2,L2,L1,L1
L1,L2,L1,H3,L2,L2
L1,L2,L4,L2,L1,L2
L1,H3,L1,L1,L2,L1
L2,L3,L1,L2,L3,L4
L4,H2,H2,L4,H1,M
L3,L1,L2,L4,H3,M
L1,M,S,L1,L1,L1
L3,H1,H2,H2,L2,L3
L1,H2,L1,L4,L2,L1
H3,L3,H1,L2,L1,L1
L4,L4,L1,L1,L3,H1
L3,H3,L1,H1,L1,L3
